Close,High,Open,Low,Volume
1587.72998,1589.069946,1568.609985,1568.609985,3453350000
1593.369995,1597.349976,1587.72998,1586.170044,3393950000
1588.849976,1593.300049,1593.300049,1579.969971,3206290000
1552.359985,1588.839966,1588.839966,1552.280029,4660130000
1574.569946,1575.349976,1552.359985,1552.359985,3654700000
1552.01001,1574.569946,1574.569946,1543.689941,4250310000
1541.609985,1554.380005,1552.030029,1536.030029,3890800000
1555.25,1555.890015,1541.609985,1539.400024,3569870000
1562.5,1565.550049,1555.25,1548.189941,2979880000
1578.780029,1579.579956,1562.5,1562.5,3565150000
1578.790039,1583,1578.780029,1575.800049,3598240000
1585.160034,1592.640015,1578.930054,1578.930054,3908580000
1582.23999,1585.780029,1585.160034,1577.560059,3198620000
1593.609985,1596.650024,1582.339966,1582.339966,2891200000
1597.569946,1597.569946,1593.579956,1586.5,3745070000
1582.699951,1597.550049,1597.550049,1581.280029,3530320000
1597.589966,1598.599976,1582.77002,1582.77002,3366950000
1614.420044,1618.459961,1597.599976,1597.599976,3603910000
1617.5,1619.77002,1614.400024,1614.209961,3062240000
1625.959961,1626.030029,1617.550049,1616.640015,3309580000
1632.689941,1632.780029,1625.949951,1622.699951,3554700000
1626.670044,1635.01001,1632.689941,1623.089966,3457400000
1633.699951,1633.699951,1626.689941,1623.709961,3086470000
1633.77002,1636,1632.099976,1626.73999,2910600000
1650.339966,1651.099976,1633.75,1633.75,3457790000
1658.780029,1661.48999,1649.130005,1646.680054,3657440000
1650.469971,1660.51001,1658.069946,1648.599976,3513130000
1667.469971,1667.469971,1652.449951,1652.449951,3440710000
1666.290039,1672.839966,1665.709961,1663.52002,3275080000
1669.160034,1674.930054,1666.199951,1662.670044,3513560000
1655.349976,1687.180054,1669.390015,1648.859985,4361020000
1650.51001,1655.5,1651.619995,1635.530029,3945510000
1649.599976,1649.780029,1646.670044,1636.880005,2758080000
1660.060059,1674.209961,1652.630005,1652.630005,3457400000
1648.359985,1656.569946,1656.569946,1640.050049,3587140000
1654.410034,1661.910034,1649.140015,1648.609985,3498620000
1630.73999,1658.98999,1652.130005,1630.73999,4099600000
1640.420044,1640.420044,1631.709961,1622.719971,3952070000
1631.380005,1646.530029,1640.72998,1623.619995,3653840000
1608.900024,1629.310059,1629.050049,1607.089966,3632350000
1622.560059,1622.560059,1609.290039,1598.22998,3547380000
1643.380005,1644.400024,1625.27002,1625.27002,3371990000
1642.810059,1648.689941,1644.670044,1639.26001,2978730000
1626.130005,1640.130005,1638.640015,1622.920044,3435710000
1612.52002,1637.709961,1629.939941,1610.920044,3202550000
1636.359985,1639.25,1612.150024,1608.069946,3378620000
1626.72998,1640.800049,1635.52002,1623.959961,2939400000
1639.040039,1646.5,1630.640015,1630.339966,3137080000
1651.810059,1654.189941,1639.77002,1639.77002,3120980000
1628.930054,1652.449951,1651.829956,1628.910034,3545060000
1588.189941,1624.619995,1624.619995,1584.319946,4858850000
1592.430054,1599.189941,1588.619995,1577.699951,5797280000
1573.089966,1588.77002,1588.77002,1560.329956,4733660000
1588.030029,1593.790039,1577.52002,1577.089966,3761170000
1603.26001,1606.829956,1592.27002,1592.27002,3558340000
1613.199951,1620.069946,1606.439941,1606.439941,3364540000
1606.280029,1615.939941,1611.119995,1601.060059,4977190000
1614.959961,1626.609985,1609.780029,1609.780029,3104690000
1614.079956,1624.26001,1614.290039,1606.77002,3317130000
1615.410034,1618.969971,1611.47998,1604.569946,1966050000
1631.890015,1632.069946,1618.650024,1614.709961,2634140000
1640.459961,1644.680054,1634.199951,1634.199951,3514590000
1652.319946,1654.180054,1642.890015,1642.890015,3155360000
1652.619995,1657.920044,1651.560059,1647.660034,3011010000
1675.02002,1676.630005,1657.410034,1657.410034,3446340000
1680.189941,1680.189941,1675.26001,1672.329956,3039070000
1682.5,1684.51001,1679.589966,1677.890015,2623200000
1676.26001,1683.72998,1682.699951,1671.839966,3081710000
1680.910034,1684.75,1677.910034,1677.910034,3153440000
1689.369995,1693.119995,1681.050049,1681.050049,3452370000
1692.089966,1692.089966,1686.150024,1684.079956,3302580000
1695.530029,1697.609985,1694.410034,1690.670044,2779130000
1692.390015,1698.780029,1696.630005,1691.130005,3096180000
1685.939941,1698.380005,1696.060059,1682.569946,3336120000
1690.25,1690.939941,1685.209961,1680.069946,3322500000
1691.650024,1691.849976,1687.310059,1676.030029,2762770000
1685.329956,1690.920044,1690.319946,1681.859985,2840520000
1685.959961,1693.189941,1687.920044,1682.420044,3320530000
1685.72998,1698.430054,1687.76001,1684.939941,3847390000
1706.869995,1707.849976,1689.420044,1689.420044,3775170000
1709.670044,1709.670044,1706.099976,1700.680054,3136630000
1707.140015,1709.23999,1708.01001,1703.550049,2529300000
1697.369995,1705.790039,1705.790039,1693.290039,3141210000
1690.910034,1695.300049,1695.300049,1684.910034,3010230000
1697.47998,1700.180054,1693.349976,1688.380005,3271660000
1691.420044,1699.420044,1696.099976,1686.02002,2957670000
1689.469971,1691.48999,1688.369995,1683.349976,2789160000
1694.160034,1696.810059,1690.650024,1682.619995,3035560000
1685.390015,1695.52002,1693.880005,1684.829956,2871430000
1661.319946,1679.609985,1679.609985,1658.589966,3426690000
1655.829956,1663.599976,1661.219971,1652.609985,3211450000
1646.060059,1659.180054,1655.25,1645.839966,2904530000
1652.349976,1658.920044,1646.810059,1646.079956,2994090000
1642.800049,1656.98999,1650.660034,1639.430054,2932180000
1656.959961,1659.550049,1645.030029,1645.030029,2537460000
1663.5,1664.849976,1659.920044,1654.810059,2582670000
1656.780029,1669.51001,1664.290039,1656.02002,2430670000
1630.47998,1652.540039,1652.540039,1629.050049,3219190000
1634.959961,1641.180054,1630.25,1627.469971,2784010000
1638.170044,1646.410034,1633.5,1630.880005,2527550000
1632.969971,1640.079956,1638.890015,1628.050049,2734300000
1639.77002,1651.349976,1635.949951,1633.410034,3731610000
1653.079956,1655.719971,1640.719971,1637.410034,3312150000
1655.079956,1659.170044,1653.280029,1653.069946,2957110000
1655.170044,1664.829956,1657.439941,1640.619995,3123880000
1671.709961,1672.400024,1656.849976,1656.849976,3102780000
1683.98999,1684.089966,1675.109985,1675.109985,3691800000
1689.130005,1689.130005,1681.040039,1678.699951,3135460000
1683.420044,1689.969971,1689.209961,1681.959961,3106290000
1687.98999,1688.72998,1685.040039,1682.219971,2736500000
1697.599976,1704.949951,1691.699951,1691.699951,3079800000
1704.76001,1705.52002,1697.72998,1697.72998,2774240000
1725.52002,1729.439941,1705.73999,1700.349976,3989760000
1722.339966,1729.859985,1727.339966,1720.199951,3740130000
1709.910034,1725.22998,1722.439941,1708.890015,5074030000
1701.839966,1711.439941,1711.439941,1697.099976,3126950000
1697.420044,1707.630005,1702.599976,1694.900024,3268930000
1692.77002,1701.709961,1698.02002,1691.880005,3148730000
1698.670044,1703.849976,1694.050049,1693.109985,2813930000
1691.75,1695.52002,1695.52002,1687.109985,2951700000
1681.550049,1687.26001,1687.26001,1674.98999,3308630000
1695,1696.550049,1682.410034,1682.069946,3238690000
1693.869995,1693.869995,1691.900024,1680.339966,3148600000
1678.660034,1692.349976,1692.349976,1670.359985,3279650000
1690.5,1691.939941,1678.790039,1677.329956,2880270000
1676.119995,1687.150024,1687.150024,1674.699951,2678490000
1655.449951,1676.790039,1676.219971,1655.030029,3569230000
1656.400024,1662.469971,1656.98999,1646.469971,3577840000
1692.560059,1692.560059,1660.880005,1660.880005,3362300000
1703.199951,1703.439941,1691.089966,1688.52002,2944670000
1710.140015,1711.030029,1699.859985,1692.130005,2580580000
1698.060059,1711.569946,1709.170044,1695.930054,3327740000
1721.540039,1721.76001,1700.48999,1700.48999,3486180000
1733.150024,1733.449951,1720.170044,1714.119995,3453590000
1744.5,1745.310059,1736.719971,1735.73999,3664890000
1744.660034,1747.790039,1745.199951,1740.670044,3052710000
1754.670044,1759.329956,1746.47998,1746.47998,3850840000
1746.380005,1752.27002,1752.27002,1740.5,3713380000
1752.069946,1753.939941,1747.47998,1745.5,3671700000
1759.77002,1759.819946,1756.01001,1752.449951,3175720000
1762.109985,1764.98999,1759.420044,1757.670044,3282300000
1771.949951,1772.089966,1762.930054,1762.930054,3358460000
1763.310059,1775.219971,1772.27002,1757.23999,3523040000
1756.540039,1768.530029,1763.23999,1755.719971,3826530000
1761.640015,1765.670044,1758.699951,1752.699951,3686290000
1767.930054,1768.780029,1763.400024,1761.560059,3194870000
1762.969971,1767.030029,1765.670044,1755.76001,3516680000
1770.48999,1773.73999,1765,1764.400024,3322100000
1747.150024,1774.540039,1770.73999,1746.199951,4143200000
1770.609985,1770.780029,1748.369995,1747.630005,3837170000
1771.890015,1773.439941,1769.959961,1767.849976,2534060000
1767.689941,1771.780029,1769.51001,1762.290039,3221030000
1782,1782,1764.369995,1760.640015,3327480000
1790.619995,1791.530029,1782.75,1780.219971,3139060000
1798.180054,1798.219971,1790.660034,1790.660034,3254820000
1791.530029,1802.329956,1798.819946,1788,3168520000
1787.869995,1795.51001,1790.790039,1784.719971,3224450000
1781.369995,1795.72998,1789.589966,1777.22998,3109140000
1795.849976,1797.160034,1783.52002,1783.52002,3256630000
1804.76001,1804.839966,1797.209961,1794.699951,3055140000
1802.47998,1808.099976,1806.329956,1800.579956,2998540000
1802.75,1808.420044,1802.869995,1800.77002,3427120000
1807.22998,1808.27002,1803.47998,1802.77002,2613590000
1805.810059,1813.550049,1808.689941,1803.97998,1598300000
1800.900024,1810.02002,1806.550049,1798.599976,3095430000
1795.150024,1800.099976,1800.099976,1787.849976,3475680000
1792.810059,1799.800049,1793.150024,1779.089966,3610540000
1785.030029,1792.819946,1792.819946,1783.380005,3336880000
1805.089966,1806.040039,1788.359985,1788.359985,3150030000
1808.369995,1811.52002,1806.209961,1806.209961,3129500000
1802.619995,1808.52002,1807.599976,1801.75,3117150000
1782.219971,1802.969971,1802.76001,1780.089966,3472240000
1775.5,1782.98999,1781.709961,1772.280029,3306640000
1775.319946,1780.920044,1777.97998,1772.449951,3061070000
1786.540039,1792.219971,1777.47998,1777.47998,3209890000
1781,1786.77002,1786.469971,1777.050049,3270030000
1810.650024,1811.079956,1781.459961,1767.98999,4327770000
1809.599976,1810.880005,1809,1801.349976,3497210000
1818.319946,1823.75,1810.390015,1810.25,5097700000
1827.98999,1829.75,1822.920044,1822.920044,2851540000
1833.319946,1833.319946,1828.02002,1828.02002,1307630000
1842.02002,1842.839966,1834.959961,1834.959961,1982270000
1841.400024,1844.890015,1842.969971,1839.810059,2052920000
1841.069946,1842.469971,1841.469971,1838.77002,2293860000
1848.359985,1849.439941,1842.609985,1842.410034,2312840000
1831.97998,1845.859985,1845.859985,1827.73999,3080600000
1831.369995,1838.23999,1833.209961,1829.130005,2774270000
1826.77002,1837.160034,1832.310059,1823.72998,3294850000
1837.880005,1840.099976,1828.709961,1828.709961,3511750000
1837.48999,1840.02002,1837.900024,1831.400024,3652140000
1838.130005,1843.22998,1839,1830.380005,3581150000
1842.369995,1843.150024,1840.060059,1832.430054,3335710000
1819.199951,1843.449951,1841.26001,1815.52002,3591350000
1838.880005,1839.26001,1821.359985,1821.359985,3353270000
1848.380005,1850.839966,1840.52002,1840.52002,3777800000
1845.890015,1847.98999,1847.98999,1840.300049,3491310000
1838.699951,1846.040039,1844.22998,1835.22998,3626120000
1843.800049,1849.310059,1841.050049,1832.380005,3782470000
1844.859985,1846.869995,1844.709961,1840.880005,3374170000
1828.459961,1842.290039,1842.290039,1820.060059,3972250000
1790.290039,1826.959961,1826.959961,1790.290039,4618450000
1781.560059,1795.97998,1791.030029,1772.880005,4045200000
1792.5,1793.869995,1783,1779.48999,3437830000
1774.199951,1790.150024,1790.150024,1770.449951,3964020000
1794.189941,1798.77002,1777.170044,1777.170044,3547510000
1782.589966,1793.880005,1790.880005,1772.26001,4059690000
1741.890015,1784.829956,1782.680054,1739.660034,4726040000
1755.199951,1758.72998,1743.819946,1743.819946,4068410000
1751.640015,1755.790039,1753.380005,1737.920044,3984290000
1773.430054,1774.060059,1752.98999,1752.98999,3825410000
1797.02002,1798.030029,1776.01001,1776.01001,3775990000
1799.839966,1799.939941,1796.199951,1791.829956,3312160000
1819.75,1823.540039,1800.449951,1800.410034,3699380000
1819.26001,1826.550049,1820.119995,1815.969971,3326380000
1829.829956,1830.25,1814.819946,1809.219971,3289510000
1838.630005,1841.650024,1828.459961,1825.589966,3114750000
1840.76001,1842.869995,1839.030029,1835.01001,3421110000
1828.75,1847.5,1838.900024,1826.98999,3661570000
1839.780029,1842.790039,1829.23999,1824.579956,3404980000
1836.25,1846.130005,1841.069946,1835.599976,3403880000
1847.609985,1858.709961,1836.780029,1836.780029,4014530000
1845.119995,1852.910034,1847.660034,1840.189941,3515560000
1845.160034,1852.650024,1845.790039,1840.660034,3716730000
1854.290039,1854.530029,1844.900024,1841.130005,3547460000
1859.449951,1867.920044,1855.119995,1847.670044,3917450000
1845.72998,1857.680054,1857.680054,1834.439941,3428220000
1873.910034,1876.22998,1849.22998,1849.22998,3765770000
1873.810059,1876.530029,1874.050049,1871.109985,3392990000
1877.030029,1881.939941,1874.180054,1874.180054,3360450000
1878.040039,1883.569946,1878.52002,1870.560059,3564740000
1877.170044,1877.869995,1877.859985,1867.040039,3021350000
1867.630005,1882.349976,1878.26001,1863.880005,3392400000
1868.199951,1868.380005,1866.150024,1854.380005,3270860000
1846.339966,1874.400024,1869.060059,1841.859985,3670990000
1841.130005,1852.439941,1845.069946,1839.569946,3285460000
1858.829956,1862.300049,1842.810059,1842.810059,2860490000
1872.25,1873.76001,1858.920044,1858.920044,2930190000
1860.77002,1874.140015,1872.25,1850.349976,3289210000
1872.01001,1873.48999,1860.089966,1854.630005,3327540000
1866.52002,1883.969971,1874.530029,1863.459961,5270710000
1857.439941,1873.339966,1867.670044,1849.689941,3409000000
1865.619995,1871.869995,1859.47998,1855.959961,3200560000
1852.560059,1875.920044,1867.089966,1852.560059,3480850000
1849.040039,1855.550049,1852.109985,1842.109985,3733430000
1857.619995,1866.630005,1850.069946,1850.069946,2955520000
1872.339966,1875.180054,1859.160034,1859.160034,3274300000
1885.52002,1885.839966,1873.959961,1873.959961,3336190000
1890.900024,1893.170044,1886.609985,1883.790039,3131660000
1888.77002,1893.800049,1891.430054,1882.650024,3055600000
1865.089966,1897.280029,1890.25,1863.26001,3583750000
1845.040039,1864.040039,1863.920044,1841.47998,3801540000
1851.959961,1854.949951,1845.47998,1837.48999,3721450000
1872.180054,1872.430054,1852.640015,1852.380005,3308650000
1833.079956,1872.530029,1872.280029,1830.869995,3758780000
1815.689941,1835.069946,1830.650024,1814.359985,3743460000
1830.609985,1834.189941,1818.180054,1815.800049,3111540000
1842.97998,1844.02002,1831.449951,1816.290039,3736440000
1862.310059,1862.310059,1846.01001,1846.01001,3155080000
1864.849976,1869.630005,1861.72998,1856.719971,3341430000
1871.890015,1871.890015,1865.790039,1863.180054,2642500000
1879.550049,1884.890015,1872.569946,1872.569946,3215440000
1875.390015,1879.75,1879.319946,1873.910034,3085720000
1878.609985,1884.060059,1881.969971,1870.23999,3191830000
1863.400024,1877.719971,1877.719971,1859.699951,3213020000
1869.430054,1877.01001,1865,1850.609985,4034680000
1878.329956,1880.599976,1870.780029,1870.780029,3647820000
1883.949951,1885.199951,1877.099976,1872.689941,3779230000
1883.680054,1888.589966,1884.390015,1878.040039,3416740000
1881.140015,1891.329956,1885.300049,1878.5,3159560000
1884.660034,1885.51001,1879.449951,1866.77002,2733730000
1867.719971,1883.689941,1883.689941,1867.719971,3327260000
1878.209961,1878.829956,1868.530029,1859.790039,3632950000
1875.630005,1889.069946,1877.390015,1870.050049,3393420000
1878.47998,1878.569946,1875.27002,1867.02002,3025020000
1896.650024,1897.130005,1880.030029,1880.030029,3005740000
1897.449951,1902.170044,1896.75,1896.060059,2915680000
1888.530029,1897.130005,1897.130005,1885.77002,2822060000
1870.849976,1888.160034,1888.160034,1862.359985,3552640000
1877.859985,1878.280029,1871.189941,1864.819946,3173650000
1885.079956,1886,1876.660034,1872.420044,2664250000
1872.829956,1884.880005,1884.880005,1868.140015,3007700000
1888.030029,1888.800049,1873.339966,1873.339966,2777140000
1892.48999,1896.329956,1888.189941,1885.390015,2759800000
1900.530029,1901.26001,1893.319946,1893.319946,2396280000
1911.910034,1912.280029,1902.01001,1902.01001,2911020000
1909.780029,1914.459961,1911.77002,1907.300049,2976450000
1920.030029,1920.030029,1910.599976,1909.819946,2709050000
1923.569946,1924.030029,1920.329956,1916.640015,3263490000
1924.969971,1925.880005,1923.869995,1915.97998,2509020000
1924.23999,1925.069946,1923.069946,1918.790039,2867180000
1927.880005,1928.630005,1923.060059,1918.599976,2793920000
1940.459961,1941.73999,1928.52002,1922.930054,3113270000
1949.439941,1949.439941,1942.410034,1942.410034,2864300000
1951.27002,1955.550049,1948.969971,1947.160034,2812180000
1950.790039,1950.859985,1950.339966,1944.640015,2702360000
1943.890015,1949.369995,1949.369995,1940.079956,2710620000
1930.109985,1943.349976,1943.349976,1925.780029,3040480000
1936.160034,1937.300049,1930.800049,1927.689941,2598230000
1937.780029,1941.150024,1934.839966,1930.910034,2926130000
1941.98999,1943.689941,1937.150024,1933.550049,2971260000
1956.97998,1957.73999,1942.72998,1939.290039,3065220000
1959.47998,1959.869995,1957.5,1952.26001,2952150000
1962.869995,1963.910034,1960.449951,1959.170044,4336240000
1962.609985,1963.73999,1962.920044,1958.890015,2717630000
1949.97998,1968.170044,1961.969971,1948.339966,3089700000
1959.530029,1960.829956,1949.27002,1947.48999,3106710000
1957.219971,1959.890015,1959.890015,1944.689941,2778840000
1960.959961,1961.469971,1956.560059,1952.180054,4290590000
1960.22998,1964.23999,1960.790039,1958.219971,3037350000
1973.319946,1978.579956,1962.290039,1962.290039,3188240000
1974.619995,1976.670044,1973.060059,1972.579956,2851480000
1985.439941,1985.589966,1975.880005,1975.880005,1998090000
1977.650024,1984.219971,1984.219971,1974.880005,2681260000
1963.709961,1976.390015,1976.390015,1959.459961,3302430000
1972.829956,1974.150024,1965.099976,1965.099976,2858800000
1964.680054,1969.839966,1966.670044,1952.859985,3165690000
1967.569946,1968.670044,1965.76001,1959.630005,2684630000
1977.099976,1979.849976,1969.859985,1969.859985,2744920000
1973.280029,1982.52002,1977.359985,1965.339966,3328740000
1981.569946,1983.939941,1976.349976,1975.670044,3390950000
1958.119995,1981.800049,1979.75,1955.589966,3381680000
1978.219971,1979.910034,1961.540039,1960.819946,3106060000
1973.630005,1976.930054,1976.930054,1965.77002,2611160000
1983.530029,1986.23999,1975.650024,1975.650024,2890480000
1987.01001,1989.22998,1985.319946,1982.439941,2869720000
1987.97998,1991.390015,1988.069946,1985.790039,3203530000
1978.339966,1984.599976,1984.599976,1974.369995,2638960000
1978.910034,1981.52002,1978.25,1967.310059,2803320000
1969.949951,1984.849976,1980.030029,1969.949951,3183300000
1970.069946,1978.900024,1973.209961,1962.420044,3448250000
1930.670044,1965.140015,1965.140015,1930.670044,4193000000
1925.150024,1937.349976,1929.800049,1916.369995,3789660000
1938.98999,1942.920044,1926.619995,1921.199951,3072920000
1920.209961,1936.339966,1936.339966,1913.77002,3462520000
1920.23999,1927.910034,1917.290039,1911.449951,3539150000
1909.569946,1928.890015,1923.030029,1904.780029,3230520000
1931.589966,1932.380005,1910.349976,1909.01001,2902280000
1936.920044,1944.900024,1933.430054,1933.430054,2784890000
1933.75,1939.650024,1935.72998,1928.290039,2611700000
1946.719971,1948.410034,1935.599976,1935.599976,2718020000
1955.180054,1955.22998,1947.410034,1947.410034,2609460000
1955.060059,1964.040039,1958.869995,1941.5,3023380000
1971.73999,1971.98999,1958.359985,1958.359985,2638160000
1981.599976,1982.569946,1972.72998,1972.72998,2656430000
1986.51001,1988.569946,1980.459961,1977.680054,2579560000
1992.369995,1994.76001,1986.819946,1986.819946,2638920000
1988.400024,1993.540039,1992.599976,1984.76001,2301860000
1997.920044,2001.949951,1991.73999,1991.73999,2233880000
2000.02002,2005.040039,1998.589966,1998.589966,2451950000
2000.119995,2002.140015,2000.540039,1996.199951,2344350000
1996.73999,1998.550049,1997.420044,1990.52002,2282400000
2003.369995,2003.380005,1998.449951,1994.650024,2259130000
2002.280029,2006.119995,2004.069946,1994.849976,2819980000
2000.719971,2009.280029,2003.569946,1998.140015,2809980000
1997.650024,2011.170044,2001.670044,1992.540039,3072410000
2007.709961,2007.709961,1998,1990.099976,2818300000
2001.540039,2007.170044,2007.170044,1995.599976,2789090000
1988.439941,2001.01001,2000.72998,1984.609985,2882830000
1995.689941,1996.660034,1988.410034,1982.98999,2912430000
1997.449951,1997.650024,1992.849976,1985.930054,2941690000
1985.540039,1996.73999,1996.73999,1980.26001,3206570000
1984.130005,1987.180054,1986.040039,1978.47998,2776530000
1998.97998,2002.280029,1981.930054,1979.060059,3160310000
2001.569946,2010.73999,1999.300049,1993.290039,3209420000
2011.359985,2012.339966,2003.069946,2003.069946,3235340000
2010.400024,2019.26001,2012.73999,2006.589966,4880220000
1994.290039,2009.079956,2009.079956,1991.01001,3349670000
1982.77002,1995.410034,1992.780029,1982.77002,3279350000
1998.300049,1999.790039,1983.339966,1978.630005,3313850000
1965.98999,1997.319946,1997.319946,1965.98999,3273050000
1982.849976,1986.369995,1966.219971,1966.219971,2929440000
1977.800049,1981.280029,1978.959961,1964.040039,3094440000
1972.290039,1985.170044,1978.209961,1968.959961,3951100000
1946.160034,1971.439941,1971.439941,1941.719971,4188590000
1946.170044,1952.319946,1945.829956,1926.030029,4012510000
1967.900024,1971.189941,1948.119995,1948.119995,3560970000
1964.819946,1977.839966,1970.01001,1958.430054,3358220000
1935.099976,1962.359985,1962.359985,1934.869995,3687870000
1968.890015,1970.359985,1935.550049,1925.25,4441890000
1928.209961,1967.680054,1967.680054,1927.560059,4344020000
1906.130005,1936.97998,1925.630005,1906.050049,4550540000
1874.73999,1912.089966,1905.650024,1874.140015,4352580000
1877.699951,1898.709961,1877.109985,1871.790039,4812010000
1862.48999,1874.180054,1874.180054,1820.660034,6090800000
1862.76001,1876.01001,1855.949951,1835.02002,5073150000
1886.76001,1898.160034,1864.910034,1864.910034,4482120000
1904.01001,1905.030029,1885.619995,1882.300049,3331210000
1941.280029,1942.449951,1909.380005,1909.380005,3987090000
1927.109985,1949.310059,1941.290039,1926.829956,3761930000
1950.819946,1961.949951,1931.02002,1931.02002,3789250000
1964.579956,1965.27002,1951.589966,1946.27002,3078380000
1961.630005,1964.640015,1962.969971,1951.369995,3538860000
1985.050049,1985.050049,1964.140015,1964.140015,3653260000
1982.300049,1991.400024,1983.290039,1969.040039,3740350000
1994.650024,1999.400024,1979.48999,1974.75,3586150000
2018.050049,2018.189941,2001.199951,2001.199951,4292290000
2017.810059,2024.459961,2018.209961,2013.680054,3555440000
2012.099976,2015.97998,2015.810059,2001.01001,3956260000
2023.569946,2023.77002,2015.290039,2014.420044,3766590000
2031.209961,2031.609985,2023.329956,2015.859985,3669770000
2031.920044,2034.26001,2032.359985,2025.069946,3704280000
2038.26001,2038.699951,2032.01001,2030.170044,3284940000
2039.680054,2041.280029,2038.199951,2035.280029,2958320000
2038.25,2040.329956,2037.75,2031.949951,3246650000
2039.329956,2046.180054,2039.209961,2030.439941,3455270000
2039.819946,2042.219971,2039.73999,2035.199951,3227130000
2041.319946,2043.069946,2038.290039,2034.459961,3152890000
2051.800049,2056.080078,2041.47998,2041.47998,3416190000
2048.719971,2052.139893,2051.159912,2040.369995,3390850000
2052.75,2053.840088,2045.869995,2040.48999,3128290000
2063.5,2071.459961,2057.459961,2056.75,3916420000
2069.409912,2070.169922,2065.070068,2065.070068,3128060000
2067.030029,2074.209961,2070.149902,2064.75,3392940000
2072.830078,2073.290039,2067.360107,2066.620117,2745260000
2067.560059,2075.76001,2074.780029,2065.060059,2504640000
2053.439941,2065.780029,2065.780029,2049.570068,4159010000
2066.550049,2068.77002,2053.77002,2053.77002,3686650000
2074.330078,2076.280029,2067.449951,2066.649902,3612680000
2071.919922,2077.340088,2073.639893,2062.340088,3408340000
2075.370117,2079.469971,2072.780029,2070.810059,3419620000
2060.310059,2075.780029,2074.840088,2054.27002,3800990000
2059.820068,2060.600098,2056.550049,2034.170044,3970150000
2026.140015,2058.860107,2058.860107,2024.26001,4114440000
2035.329956,2055.530029,2027.920044,2027.920044,3917950000
2002.329956,2032.25,2030.359985,2002.329956,4157650000
1989.630005,2018.689941,2005.030029,1982.26001,4361990000
1972.73999,2016.890015,1986.709961,1972.560059,4958680000
2012.890015,2016.75,1973.77002,1973.77002,4942370000
2061.22998,2061.22998,2018.97998,2018.97998,4703380000
2070.649902,2077.850098,2061.040039,2061.030029,6465530000
2078.540039,2078.76001,2069.280029,2069.280029,3369520000
2082.169922,2086.72998,2081.47998,2079.77002,3043950000
2081.879883,2087.560059,2083.25,2081.860107,1416980000
2088.77002,2092.699951,2084.300049,2084.300049,1735230000
2090.570068,2093.550049,2087.629883,2085.75,2452360000
2080.350098,2088.48999,2088.48999,2079.530029,2440280000
2058.899902,2085.580078,2082.110107,2057.939941,2606070000
2058.199951,2072.360107,2058.899902,2046.040039,2708700000
2020.579956,2054.439941,2054.439941,2017.339966,3799120000
2002.609985,2030.25,2022.150024,1992.439941,4460110000
2025.900024,2029.609985,2005.550049,2005.550049,3805480000
2062.139893,2064.080078,2030.609985,2030.609985,3934010000
2044.810059,2064.429932,2063.449951,2038.329956,3364140000
2028.26001,2049.300049,2046.130005,2022.579956,3456460000
2023.030029,2056.929932,2031.579956,2008.25,4107300000
2011.27002,2018.400024,2018.400024,1988.439941,4378680000
1992.670044,2021.349976,2013.75,1991.469971,4276720000
2019.420044,2020.459961,1992.25,1988.119995,4056410000
2022.550049,2028.939941,2020.76001,2004.48999,3944340000
2032.119995,2038.290039,2020.189941,2012.040039,3730070000
2063.149902,2064.620117,2034.300049,2026.380005,4176050000
2051.820068,2062.97998,2062.97998,2050.540039,3573560000
2057.090088,2057.620117,2050.419922,2040.969971,3465760000
2029.550049,2047.859985,2047.859985,2019.910034,3329810000
2002.160034,2042.48999,2032.339966,2001.48999,4067530000
2021.25,2024.640015,2002.449951,1989.180054,4127140000
1994.98999,2023.319946,2019.349976,1993.380005,4568650000
2020.849976,2021.660034,1996.670044,1980.900024,4008330000
2050.030029,2050.300049,2022.709961,2022.709961,4615900000
2041.51001,2054.73999,2048.860107,2036.719971,4141920000
2062.52002,2063.550049,2043.449951,2043.449951,3821990000
2055.469971,2072.399902,2062.280029,2049.969971,4232970000
2046.73999,2056.159912,2053.469971,2041.880005,3549540000
2068.590088,2070.860107,2049.379883,2048.620117,3669850000
2068.530029,2073.47998,2068.550049,2057.98999,3596860000
2088.47998,2088.530029,2069.97998,2069.97998,3788350000
2096.98999,2097.030029,2088.780029,2086.699951,3527450000
2100.340088,2101.300049,2096.469971,2089.800049,3361750000
2099.679932,2100.22998,2099.159912,2092.149902,3370020000
2097.449951,2102.129883,2099.25,2090.790039,3247100000
2110.300049,2110.610107,2097.649902,2085.439941,3281600000
2109.659912,2110.050049,2109.830078,2103,3093680000
2115.47998,2117.939941,2109.100098,2105.870117,3199840000
2113.860107,2119.590088,2115.300049,2109.889893,3312340000
2110.73999,2113.909912,2113.909912,2103.76001,3408690000
2104.5,2112.73999,2110.879883,2103.75,3547380000
2117.389893,2117.52002,2105.22998,2104.5,3409490000
2107.780029,2115.76001,2115.76001,2098.26001,3262300000
2098.530029,2107.719971,2107.719971,2094.48999,3421110000
2101.040039,2104.25,2098.540039,2095.219971,3103030000
2071.26001,2100.909912,2100.909912,2067.27002,3853570000
2079.429932,2083.48999,2072.25,2072.209961,3349090000
2044.160034,2076.139893,2076.139893,2044.160034,3668900000
2040.23999,2050.080078,2044.689941,2039.689941,3406570000
2065.949951,2066.409912,2041.099976,2041.099976,3405860000
2053.399902,2064.560059,2064.560059,2041.170044,3498560000
2081.189941,2081.409912,2055.350098,2055.350098,3295600000
2074.280029,2080.590088,2080.590088,2065.080078,3221840000
2099.5,2106.850098,2072.840088,2061.22998,4128210000
2089.27002,2098.689941,2098.689941,2085.560059,3305220000
2108.100098,2113.919922,2090.320068,2090.320068,5554120000
2104.419922,2114.860107,2107.98999,2104.419922,3267960000
2091.5,2107.629883,2103.939941,2091.5,3189820000
2061.050049,2097.429932,2093.100098,2061.050049,3521140000
2056.149902,2067.149902,2059.939941,2045.5,3510670000
2061.02002,2062.830078,2055.780029,2052.959961,3008550000
2086.23999,2088.969971,2064.110107,2064.110107,2917690000
2067.889893,2084.050049,2084.050049,2067.040039,3376550000
2059.689941,2067.629883,2067.629883,2048.379883,3543270000
2066.959961,2072.169922,2060.030029,2057.320068,3095960000
2080.620117,2086.98999,2064.870117,2056.52002,3302970000
2076.330078,2089.810059,2080.790039,2076.100098,3065510000
2081.899902,2086.689941,2076.939941,2073.300049,3265330000
2091.179932,2093.310059,2081.290039,2074.290039,3172360000
2102.060059,2102.610107,2091.51001,2091.51001,3156200000
2092.429932,2107.649902,2102.030029,2092.330078,2908420000
2095.840088,2098.620117,2092.280029,2083.23999,3301270000
2106.629883,2111.909912,2097.820068,2097.820068,4013760000
2104.98999,2111.300049,2105.959961,2100.02002,3434120000
2081.179932,2102.580078,2102.580078,2072.370117,3627600000
2100.399902,2103.939941,2084.110107,2084.110107,3000160000
2097.290039,2109.639893,2102.820068,2094.379883,3243410000
2107.959961,2109.97998,2098.27002,2091.050049,3348480000
2112.929932,2120.48999,2107.209961,2103.189941,3636670000
2117.689941,2120.919922,2112.800049,2112.800049,3375780000
2108.919922,2125.919922,2119.290039,2107.040039,3438750000
2114.76001,2116.040039,2108.350098,2094.889893,3546270000
2106.850098,2113.649902,2112.48999,2097.409912,4074970000
2085.51001,2105.52002,2105.52002,2077.590088,4509680000
2108.290039,2108.409912,2087.379883,2087.379883,3379390000
2114.48999,2120.949951,2110.22998,2110.22998,3091580000
2089.459961,2115.23999,2112.629883,2088.459961,3793950000
2080.149902,2098.419922,2091.26001,2067.929932,3792210000
2088,2092.899902,2079.959961,2074.98999,3676640000
2116.100098,2117.659912,2092.129883,2092.129883,3399440000
2105.330078,2117.689941,2115.560059,2104.580078,2992670000
2099.120117,2105.060059,2102.870117,2085.570068,3139520000
2098.47998,2110.189941,2099.620117,2096.040039,3374260000
2121.100098,2121.449951,2100.429932,2100.429932,3225740000
2122.72998,2123.889893,2122.070068,2116.810059,3092080000
2129.199951,2131.780029,2121.300049,2120.01001,2888190000
2127.830078,2133.02002,2129.449951,2124.5,3296030000
2125.850098,2134.719971,2127.790039,2122.590088,3025880000
2130.820068,2134.280029,2125.550049,2122.949951,3070460000
2126.060059,2132.149902,2130.360107,2126.060059,2571860000
2104.199951,2125.340088,2125.340088,2099.179932,3342130000
2123.47998,2126.219971,2105.129883,2105.129883,3127960000
2120.790039,2122.27002,2122.27002,2112.860107,2980350000
2107.389893,2120.659912,2120.659912,2104.889893,3927390000
2111.72998,2119.149902,2108.639893,2102.540039,3011710000
2109.600098,2117.590088,2110.409912,2099.139893,3049350000
2114.070068,2121.919922,2110.639893,2109.610107,3099980000
2095.840088,2112.889893,2112.350098,2093.22998,3200050000
2092.830078,2100.98999,2095.090088,2085.669922,3243690000
2079.280029,2093.01001,2092.340088,2079.110107,2917150000
2080.149902,2085.620117,2079.070068,2072.139893,3034580000
2105.199951,2108.5,2081.120117,2081.120117,3414320000
2108.860107,2115.02002,2106.23999,2106.23999,3128600000
2094.110107,2107.429932,2107.429932,2091.330078,2719400000
2084.429932,2091.340088,2091.340088,2072.48999,3061570000
2096.290039,2097.399902,2084.26001,2082.100098,2919900000
2100.439941,2106.790039,2097.399902,2088.860107,3222240000
2121.23999,2126.649902,2101.580078,2101.580078,3520360000
2109.98999,2121.639893,2121.060059,2109.449951,4449810000
2122.850098,2129.870117,2112.5,2112.5,3030020000
2124.199951,2128.030029,2123.159912,2119.889893,3091190000
2108.580078,2125.100098,2123.649902,2108.580078,3102480000
2102.310059,2116.040039,2109.959961,2101.780029,3214610000
2101.48999,2108.919922,2102.620117,2095.379883,5025470000
2057.639893,2098.629883,2098.629883,2056.639893,3678960000
2063.110107,2074.280029,2061.189941,2056.320068,4078540000
2077.419922,2082.780029,2067,2067,3727260000
2076.780029,2085.060059,2078.030029,2071.02002,2996540000
2068.76001,2078.610107,2073.949951,2058.399902,3486360000
2081.340088,2083.73999,2069.52002,2044.02002,4458660000
2046.680054,2077.659912,2077.659912,2044.660034,3608780000
2051.310059,2074.280029,2049.72998,2049.72998,3446810000
2076.620117,2081.310059,2052.73999,2052.73999,3065070000
2099.600098,2100.669922,2080.030029,2080.030029,3096730000
2108.949951,2111.97998,2099.719971,2098.179932,3002120000
2107.399902,2114.139893,2109.01001,2102.48999,3261810000
2124.290039,2124.419922,2110.550049,2110.550049,3227080000
2126.639893,2128.909912,2126.800049,2119.879883,3362750000
2128.280029,2132.820068,2126.850098,2123.659912,3245870000
2119.209961,2128.48999,2127.550049,2115.399902,3343690000
2114.149902,2118.51001,2118.209961,2110,3694070000
2102.149902,2116.870117,2114.159912,2098.629883,3772810000
2079.649902,2106.01001,2102.23999,2077.090088,3870040000
2067.639893,2078.189941,2078.189941,2063.52002,3836750000
2093.25,2095.600098,2070.75,2069.090088,4117740000
2108.570068,2110.600098,2094.699951,2094.080078,4038900000
2108.629883,2110.47998,2106.780029,2094.969971,3579410000
2103.840088,2114.23999,2111.600098,2102.070068,3681340000
2098.040039,2105.699951,2104.48999,2087.310059,3476770000
2093.320068,2102.51001,2097.679932,2088.600098,3546710000
2099.840088,2112.659912,2095.27002,2095.27002,3968680000
2083.560059,2103.320068,2100.75,2075.530029,4246570000
2077.570068,2082.610107,2082.610107,2067.909912,3602320000
2104.179932,2105.350098,2080.97998,2080.97998,3514460000
2084.070068,2102.659912,2102.659912,2076.48999,3708880000
2086.050049,2089.060059,2081.100098,2052.090088,4269130000
2083.389893,2092.929932,2086.189941,2078.26001,3221300000
2091.540039,2092.449951,2083.149902,2080.610107,2795590000
2102.439941,2102.870117,2089.699951,2079.300049,2867690000
2096.919922,2103.469971,2101.98999,2094.139893,2949990000
2079.610107,2096.169922,2095.689941,2070.530029,3512920000
2035.72998,2076.610107,2076.610107,2035.72998,3922470000
1970.890015,2034.079956,2034.079956,1970.890015,5018240000
1893.209961,1965.150024,1965.150024,1867.01001,6612690000
1867.609985,1948.040039,1898.079956,1867.079956,5183560000
1940.51001,1943.089966,1872.75,1872.75,5338250000
1987.660034,1989.599976,1942.77002,1942.77002,5006390000
1988.869995,1993.47998,1986.060059,1975.189941,3949080000
1972.180054,1986.72998,1986.72998,1965.97998,3915100000
1913.849976,1970.089966,1970.089966,1903.069946,4371850000
1948.859985,1948.910034,1916.52002,1916.52002,3742620000
1951.130005,1975.01001,1950.790039,1944.719971,3520700000
1921.219971,1947.76001,1947.76001,1911.209961,3167090000
1969.410034,1970.420044,1927.300049,1927.300049,3548650000
1942.040039,1988.630005,1971.449951,1937.880005,3652120000
1952.290039,1965.290039,1941.589966,1937.189941,3626320000
1961.050049,1961.050049,1951.449951,1939.189941,3218590000
1953.030029,1963.060059,1963.060059,1948.27002,3000200000
1978.089966,1983.189941,1955.099976,1954.300049,3239860000
1995.310059,1997.26001,1978.02002,1977.930054,3630680000
1990.199951,2020.859985,1995.329956,1986.72998,4183790000
1958.030029,1989.660034,1989.660034,1953.449951,6021240000
1966.969971,1979.640015,1960.839966,1955.800049,3269350000
1942.73999,1961.390015,1961.390015,1929.219971,3808260000
1938.76001,1949.52002,1943.23999,1932.569946,3190530000
1932.23999,1937.170044,1934.810059,1908.920044,4091530000
1931.339966,1952.890015,1935.930054,1921.5,3721870000
1881.77002,1929.180054,1929.180054,1879.209961,4326660000
1884.089966,1899.47998,1881.900024,1871.910034,4132390000
1920.030029,1920.530029,1887.140015,1887.140015,4525070000
1923.819946,1927.209961,1919.650024,1900.699951,3983600000
1951.359985,1951.359985,1921.77002,1893.699951,4378570000
1987.050049,1989.170044,1954.329956,1954.329956,4334490000
1979.920044,1991.619995,1986.630005,1971.98999,4202400000
1995.829956,1999.310059,1982.339966,1976.439941,4666470000
2013.430054,2016.5,1994.01001,1987.530029,3939140000
2014.890015,2020.130005,2013.72998,2007.609985,3706900000
2017.459961,2018.660034,2015.650024,2010.550049,2893250000
2003.689941,2022.339966,2015,2001.780029,3401920000
1994.23999,2009.560059,2003.660034,1990.72998,3644590000
2023.859985,2024.150024,1996.469971,1996.469971,3746290000
2033.109985,2033.540039,2024.369995,2020.459961,3595430000
2033.660034,2034.449951,2031.72998,2022.310059,3287320000
2030.77002,2039.119995,2033.130005,2026.609985,3331500000
2018.939941,2037.969971,2033.469971,2017.219971,3627790000
2052.51001,2055.199951,2021.880005,2021.880005,4430850000
2075.149902,2079.73999,2058.189941,2058.189941,4108460000
2071.179932,2075.139893,2075.080078,2066.530029,3385800000
2065.889893,2070.370117,2068.75,2058.840088,4216880000
2090.350098,2090.350098,2066.47998,2063.110107,4698110000
2089.409912,2092.52002,2088.350098,2082.629883,4008940000
2079.360107,2094.320068,2090,2079.340088,4256200000
2104.050049,2106.199951,2080.76001,2080.76001,3760020000
2109.790039,2116.47998,2102.629883,2097.51001,4272060000
2102.310059,2114.590088,2110.600098,2096.97998,4078870000
2099.929932,2108.780029,2101.679932,2090.409912,4051890000
2099.199951,2101.909912,2098.600098,2083.73999,4369020000
2078.580078,2096.560059,2096.560059,2068.23999,3882350000
2081.719971,2083.669922,2077.189941,2069.909912,3821440000
2075,2086.939941,2083.409912,2074.850098,3692410000
2045.969971,2072.290039,2072.290039,2045.660034,4016370000
2023.040039,2044.640015,2044.640015,2022.02002,4278750000
2053.189941,2053.219971,2022.079956,2019.390015,3741240000
2050.439941,2066.689941,2053.669922,2045.900024,4427350000
2083.580078,2085.310059,2051.98999,2051.98999,3926390000
2081.23999,2086.73999,2083.699951,2078.76001,3628110000
2089.169922,2097.060059,2082.820068,2082.820068,3929600000
2086.590088,2095.610107,2089.409912,2081.389893,3587980000
2089.139893,2094.120117,2084.419922,2070.290039,3884930000
2088.870117,2093,2089.300049,2086.300049,2852940000
2090.110107,2093.290039,2088.820068,2084.129883,1466840000
2080.409912,2093.810059,2090.949951,2080.409912,4275030000
2102.629883,2103.370117,2082.929932,2082.929932,3712120000
2079.51001,2104.27002,2101.709961,2077.110107,3950640000
2049.620117,2085,2080.709961,2042.349976,4306490000
2091.689941,2093.840088,2051.23999,2051.23999,4214910000
2077.070068,2090.419922,2090.419922,2066.780029,4043820000
2063.590088,2073.850098,2073.389893,2052.320068,4173570000
2047.619995,2080.330078,2061.169922,2036.530029,4385250000
2052.22998,2067.649902,2047.930054,2045.670044,3715150000
2012.369995,2047.27002,2047.27002,2008.800049,4301060000
2021.939941,2022.920044,2013.369995,1993.26001,4612440000
2043.410034,2053.870117,2025.550049,2025.550049,4353540000
2073.070068,2076.719971,2046.5,2042.430054,4635450000
2041.890015,2076.370117,2073.76001,2041.660034,4327390000
2005.550049,2040.810059,2040.810059,2005.329956,6683070000
2021.150024,2022.900024,2010.27002,2005.930054,3760280000
2038.969971,2042.73999,2023.150024,2020.48999,3520860000
2064.290039,2064.72998,2042.199951,2042.199951,3484090000
2060.98999,2067.360107,2063.52002,2058.72998,1411860000
2056.5,2057.77002,2057.77002,2044.199951,2492510000
2078.360107,2081.560059,2060.540039,2060.540039,2542000000
2063.360107,2077.340088,2077.340088,2061.969971,2367430000
2043.939941,2062.540039,2060.590088,2043.619995,2655330000
2012.660034,2038.199951,2038.199951,1989.680054,4304880000
2016.709961,2021.939941,2013.780029,2004.170044,3706620000
1990.26001,2011.709961,2011.709961,1979.050049,4336660000
1943.089966,1985.319946,1985.319946,1938.829956,5076590000
1922.030029,1960.400024,1945.969971,1918.459961,4664940000
1923.670044,1935.650024,1926.119995,1901.099976,4607290000
1938.680054,1947.380005,1927.829956,1914.349976,4887260000
1890.280029,1950.329956,1940.339966,1886.410034,5087030000
1921.839966,1934.469971,1891.680054,1878.930054,5241110000
1880.329956,1916.680054,1916.680054,1857.829956,5468460000
1881.329956,1901.439941,1888.660034,1864.599976,4928350000
1859.329956,1876.180054,1876.180054,1812.290039,6416070000
1868.98999,1889.849976,1861.459961,1848.97998,5078810000
1906.900024,1908.849976,1877.400024,1877.400024,4901760000
1877.079956,1906.280029,1906.280029,1875.969971,4401380000
1903.630005,1906.72998,1878.790039,1878.790039,4357940000
1882.949951,1916.98999,1902.52002,1872.699951,4754040000
1893.359985,1902.959961,1885.219971,1873.650024,4693010000
1940.23999,1940.23999,1894,1894,5497570000
1939.380005,1947.199951,1936.939941,1920.300049,4322530000
1903.030029,1935.26001,1935.26001,1897.290039,4463190000
1912.530029,1918.01001,1907.069946,1872.22998,5172950000
1915.449951,1927.349976,1911.670044,1900.52002,5193320000
1880.050049,1913.069946,1913.069946,1872.650024,4929940000
1853.439941,1873.25,1873.25,1828.459961,5636460000
1852.209961,1868.25,1848.459961,1834.939941,5183220000
1851.859985,1881.599976,1857.099976,1850.319946,4471170000
1829.079956,1847,1847,1810.099976,5500800000
1864.780029,1864.780029,1833.400024,1833.400024,4696920000
1895.579956,1895.77002,1871.439941,1871.439941,4570670000
1926.819946,1930.680054,1898.800049,1898.800049,5011540000
1917.829956,1930,1927.569946,1915.089966,4436490000
1917.780029,1918.780029,1916.73999,1902.170044,4142850000
1945.5,1946.699951,1924.439941,1924.439941,4054710000
1921.27002,1942.380005,1942.380005,1919.439941,3890650000
1929.800049,1932.079956,1917.560059,1891,4317250000
1951.699951,1951.829956,1931.869995,1925.410034,4118210000
1948.050049,1962.959961,1954.949951,1945.780029,4348510000
1932.22998,1958.27002,1947.130005,1931.810059,4588180000
1978.349976,1978.349976,1937.089966,1937.089966,4819750000
1986.449951,1986.51001,1976.599976,1968.800049,4666610000
1993.400024,1993.689941,1985.599976,1977.369995,5081700000
1999.98999,2009.130005,1994.01001,1986.77002,6049930000
2001.76001,2006.119995,1996.109985,1989.380005,4968180000
1979.26001,1996.880005,1996.880005,1977.430054,4641650000
1989.26001,1992.689941,1981.439941,1979.839966,4038120000
1989.569946,2005.079956,1990.969971,1969.25,4376790000
2022.189941,2022.369995,1994.709961,1994.709961,4078620000
2019.640015,2024.569946,2019.27002,2012.050049,3487850000
2015.930054,2015.939941,2015.27002,2005.22998,3560280000
2027.219971,2032.02002,2014.23999,2010.040039,4057020000
2040.589966,2046.23999,2026.900024,2022.160034,4530480000
2049.580078,2052.360107,2041.160034,2041.160034,6503140000
2051.600098,2053.909912,2047.880005,2043.140015,3376600000
2049.800049,2056.600098,2048.639893,2040.569946,3418460000
2036.709961,2048.550049,2048.550049,2034.859985,3639510000
2035.939941,2036.040039,2032.47998,2022.48999,3407720000
2037.050049,2042.670044,2037.890015,2031.959961,2809090000
2055.01001,2055.909912,2035.75,2028.310059,3822330000
2063.949951,2072.209961,2058.27002,2058.27002,3590310000
2059.73999,2067.919922,2063.77002,2057.459961,3715280000
2072.780029,2075.070068,2056.620117,2043.97998,3749990000
2066.129883,2074.02002,2073.189941,2062.570068,3485710000
2045.170044,2062.5,2062.5,2042.560059,4154920000
2066.659912,2067.330078,2045.560059,2043.089966,3750800000
2041.910034,2063.01001,2063.01001,2033.800049,3801250000
2047.599976,2060.629883,2045.540039,2041.689941,3359530000
2041.98999,2062.929932,2050.22998,2041.880005,3567840000
2061.719971,2065.050049,2043.719971,2039.73999,4239740000
2082.419922,2083.179932,2065.919922,2065.919922,4191830000
2082.780029,2087.840088,2082.889893,2078.129883,3765870000
2080.72998,2083.219971,2083.100098,2076.310059,3701450000
2094.340088,2094.659912,2078.830078,2073.649902,3316880000
2100.800049,2104.050049,2096.050049,2091.679932,3896830000
2102.399902,2111.050049,2101.52002,2096.320068,4184880000
2091.47998,2103.780029,2102.090088,2088.52002,4175290000
2091.580078,2094.320068,2091.48999,2081.199951,3790580000
2087.790039,2089.370117,2089.370117,2077.52002,3319740000
2091.699951,2096.870117,2089.840088,2085.800049,3557190000
2095.149902,2099.889893,2092.330078,2082.310059,4100110000
2075.810059,2099.300049,2090.929932,2071.620117,4309840000
2065.300049,2073.850098,2071.820068,2052.280029,4704720000
2081.429932,2083.419922,2067.169922,2066.110107,3841110000
2063.370117,2077.179932,2077.179932,2054.889893,4173390000
2051.120117,2060.300049,2060.300049,2045.550049,4058560000
2050.629883,2060.22998,2052.949951,2045.77002,4008530000
2057.139893,2057.719971,2047.77002,2039.449951,3796350000
2058.689941,2064.149902,2057.550049,2054.310059,3788620000
2084.389893,2084.870117,2062.629883,2062.629883,3600200000
2064.459961,2083.290039,2083.290039,2064.459961,3821980000
2064.110107,2073.98999,2067.169922,2053.129883,3782390000
2046.609985,2066.790039,2062.5,2043.130005,3579880000
2066.659912,2071.879883,2046.530029,2046.530029,3501360000
2047.209961,2065.689941,2065.040039,2040.819946,4108960000
2047.630005,2060.610107,2044.380005,2034.48999,4101320000
2040.040039,2044.209961,2044.209961,2025.910034,3846770000
2052.320068,2058.350098,2041.880005,2041.880005,3507650000
2048.040039,2055.580078,2052.22998,2047.26001,3055480000
2076.060059,2079.669922,2052.649902,2052.649902,3627340000
2090.540039,2094.72998,2078.929932,2078.929932,3859160000
2090.100098,2094.300049,2091.439941,2087.080078,3230990000
2099.060059,2099.060059,2090.060059,2090.060059,3079150000
2096.949951,2103.47998,2100.129883,2088.659912,4514410000
2099.330078,2100.969971,2093.939941,2085.100098,3525170000
2105.26001,2105.26001,2097.709961,2088.590088,3632720000
2099.129883,2104.070068,2104.070068,2085.360107,3627780000
2109.409912,2113.360107,2100.830078,2100.830078,3442020000
2112.129883,2119.219971,2110.179932,2110.179932,3534730000
2119.120117,2120.550049,2112.709961,2112.709961,3562060000
2115.47998,2117.639893,2115.649902,2107.72998,3290320000
2096.070068,2109.570068,2109.570068,2089.959961,3515010000
2079.060059,2098.120117,2091.75,2078.459961,3392030000
2075.320068,2081.300049,2076.649902,2064.100098,3759770000
2071.5,2085.649902,2077.600098,2069.800049,3544720000
2077.98999,2079.620117,2066.360107,2050.370117,3628280000
2071.219971,2078.199951,2078.199951,2062.840088,4952630000
2083.25,2100.659912,2075.580078,2075.580078,3467440000
2088.899902,2093.659912,2085.189941,2083.02002,3232880000
2085.449951,2099.709961,2089.75,2084.360107,3168160000
2113.320068,2113.320068,2092.800049,2092.800049,3297940000
2037.410034,2103.810059,2103.810059,2032.569946,7597450000
2000.540039,2031.449951,2031.449951,1991.680054,5431220000
2036.089966,2036.089966,2006.670044,2006.670044,4385810000
2070.77002,2073.129883,2042.689941,2042.689941,4241740000
2098.860107,2098.939941,2073.169922,2070,4622820000
2102.949951,2108.709961,2099.340088,2097.899902,3458890000
2088.550049,2095.050049,2095.050049,2080.860107,3658380000
2099.72998,2100.719971,2084.429932,2074.02002,3909380000
2097.899902,2109.080078,2100.419922,2089.389893,3604550000
2129.899902,2131.709961,2106.969971,2106.969971,3607500000
2137.159912,2143.159912,2131.719971,2131.719971,3253340000
2152.139893,2155.399902,2139.5,2139.5,4097820000
2152.429932,2156.449951,2153.810059,2146.209961,3502320000
2163.75,2168.98999,2157.879883,2157.879883,3465610000
2161.73999,2169.050049,2165.129883,2155.790039,3122600000
2166.889893,2168.350098,2162.040039,2159.629883,3009310000
2163.780029,2164.629883,2163.790039,2159.01001,2968340000
2173.02002,2175.629883,2166.100098,2164.889893,3211860000
2165.169922,2174.560059,2172.909912,2159.75,3438900000
2175.030029,2175.110107,2166.469971,2163.23999,3023280000
2168.47998,2173.709961,2173.709961,2161.949951,3057240000
2169.179932,2173.540039,2168.969971,2160.179932,3442350000
2166.580078,2174.97998,2169.810059,2159.070068,3995500000
2170.060059,2172.850098,2166.050049,2159.73999,3664240000
2173.600098,2177.090088,2168.830078,2163.48999,4038840000
2170.840088,2178.290039,2173.149902,2166.209961,3505990000
2157.030029,2170.199951,2169.939941,2147.580078,3848750000
2163.790039,2163.790039,2156.810059,2152.560059,3786530000
2164.25,2168.189941,2163.51001,2159.070068,3709200000
2182.870117,2182.870117,2168.790039,2168.790039,3663070000
2180.889893,2185.439941,2183.76001,2177.850098,3327550000
2181.73999,2187.659912,2182.23999,2178.610107,3334300000
2175.48999,2183.409912,2182.810059,2172,3254950000
2185.790039,2188.449951,2177.969971,2177.969971,3423160000
2184.050049,2186.280029,2183.73999,2179.419922,3000660000
2190.149902,2193.810059,2186.080078,2186.080078,3078530000
2178.149902,2186.23999,2186.23999,2178.139893,3196400000
2182.219971,2183.080078,2177.840088,2168.5,3388910000
2187.02002,2187.030029,2181.899902,2180.459961,3300570000
2183.870117,2185,2184.23999,2175.129883,3084800000
2182.639893,2185.149902,2181.580078,2175.959961,2777550000
2186.899902,2193.419922,2187.810059,2186.800049,3041490000
2175.439941,2186.659912,2185.090088,2171.25,3148280000
2172.469971,2179,2173.290039,2169.73999,2969310000
2169.040039,2187.939941,2175.100098,2160.389893,3342340000
2180.379883,2183.47998,2170.189941,2170.189941,2654780000
2176.120117,2182.27002,2179.449951,2170.409912,3006800000
2170.949951,2173.790039,2173.560059,2161.350098,3766390000
2170.860107,2173.560059,2171.330078,2157.090088,3392120000
2179.97998,2184.870117,2177.48999,2173.590088,3091120000
2186.47998,2186.570068,2181.610107,2175.100098,3447650000
2186.159912,2187.870117,2185.169922,2179.070068,3319420000
2181.300049,2184.939941,2182.76001,2177.48999,3727840000
2127.810059,2169.080078,2169.080078,2127.810059,4233960000
2159.040039,2163.300049,2120.860107,2119.120117,4010480000
2127.02002,2150.469971,2150.469971,2120.27002,4141670000
2125.77002,2141.330078,2127.860107,2119.899902,3664100000
2147.26001,2151.310059,2125.360107,2122.360107,3373720000
2139.159912,2146.47998,2146.47998,2131.199951,5014360000
2139.120117,2153.610107,2143.98999,2135.909912,3163000000
2139.76001,2150.800049,2145.939941,2139.169922,3140730000
2163.120117,2165.110107,2144.580078,2139.570068,3712090000
2177.179932,2179.98999,2170.939941,2170.939941,3552830000
2164.689941,2173.75,2173.290039,2163.969971,3317190000
2146.100098,2158.540039,2158.540039,2145.040039,3216170000
2159.929932,2161.129883,2146.040039,2141.550049,3437770000
2171.370117,2172.399902,2161.850098,2151.790039,3891460000
2151.129883,2172.669922,2168.899902,2145.199951,4249220000
2168.27002,2175.300049,2156.51001,2156.51001,4173340000
2161.199951,2164.409912,2164.330078,2154.77002,3137550000
2150.48999,2165.459961,2163.370117,2144.01001,3750890000
2159.72998,2163.949951,2155.149902,2155.149902,3906550000
2160.77002,2162.929932,2158.219971,2150.280029,3461550000
2153.73999,2165.860107,2164.189941,2144.850098,3619890000
2163.659912,2169.600098,2160.389893,2160.389893,2916550000
2136.72998,2161.560059,2161.350098,2128.840088,3438270000
2139.179932,2145.360107,2137.669922,2132.77002,2977100000
2132.550049,2138.189941,2130.26001,2114.719971,3580450000
2132.97998,2149.189941,2139.679932,2132.97998,3228150000
2126.5,2135.610107,2132.949951,2124.429932,2830390000
2139.600098,2144.379883,2138.310059,2135.48999,3170000000
2144.290039,2148.439941,2140.810059,2138.149902,3362670000
2141.340088,2147.179932,2142.51001,2133.439941,3337170000
2141.159912,2142.629883,2139.429932,2130.090088,3448850000
2151.330078,2154.790039,2148.5,2146.909912,3357320000
2143.159912,2151.439941,2149.719971,2141.929932,3751340000
2139.429932,2145.72998,2136.969971,2131.590088,3775200000
2133.040039,2147.129883,2144.060059,2132.52002,4204830000
2126.409912,2140.719971,2132.22998,2119.360107,4019510000
2126.149902,2133.25,2129.780029,2125.530029,3922400000
2111.719971,2131.449951,2128.679932,2097.850098,4532160000
2097.939941,2111.76001,2109.429932,2094,4248580000
2088.659912,2102.560059,2098.800049,2085.22998,3886740000
2085.179932,2099.070068,2083.790039,2083.790039,3837860000
2131.52002,2132,2100.590088,2100.590088,3736060000
2139.560059,2146.870117,2129.919922,2123.560059,3916930000
2163.26001,2170.100098,2131.560059,2125.350098,6264150000
2167.47998,2182.300049,2167.48999,2151.169922,6451640000
2164.449951,2165.919922,2162.709961,2152.48999,4988050000
2164.199951,2171.360107,2165.639893,2156.080078,5367200000
2180.389893,2180.840088,2168.290039,2166.379883,4543860000
2176.939941,2179.219971,2177.530029,2172.199951,3830590000
2187.120117,2188.060059,2178.610107,2176.649902,3809160000
2181.899902,2189.889893,2186.850098,2180.379883,3572400000
2198.179932,2198.699951,2186.429932,2186.429932,3607010000
2202.939941,2204.800049,2201.560059,2194.51001,3957940000
2204.719971,2204.719971,2198.550049,2194.51001,3418640000
2213.350098,2213.350098,2206.27002,2206.27002,1584600000
2201.719971,2211.139893,2210.209961,2200.360107,3505650000
2204.659912,2210.459961,2200.76001,2198.149902,3706560000
2198.810059,2214.100098,2204.969971,2198.810059,5533980000
2191.080078,2202.600098,2200.169922,2187.439941,5063740000
2191.949951,2197.949951,2191.120117,2188.370117,3779500000
2204.709961,2209.419922,2200.649902,2199.969971,3895230000
2212.22998,2212.780029,2207.26001,2202.209961,3855320000
2241.350098,2241.629883,2210.719971,2208.929932,4501820000
2246.189941,2251.689941,2241.129883,2237.570068,4200580000
2259.530029,2259.800049,2249.72998,2249.22998,3884480000
2256.959961,2264.030029,2258.830078,2252.370117,4034510000
2271.719971,2277.530029,2263.320068,2263.320068,3857590000
2253.280029,2276.199951,2268.350098,2248.439941,4406970000
2262.030029,2272.120117,2253.77002,2253.77002,4168200000
2258.070068,2268.050049,2266.810059,2254.23999,5920340000
2262.530029,2267.469971,2259.23999,2258.209961,3248370000
2270.76001,2272.560059,2266.5,2266.139893,3298780000
2265.179932,2271.22998,2270.540039,2265.149902,2852230000
2260.959961,2263.179932,2262.929932,2256.080078,2876320000
2263.790039,2263.790039,2260.25,2258.840088,2020550000
2268.879883,2273.820068,2266.22998,2266.149902,1987080000
2249.919922,2271.310059,2270.22998,2249.110107,2392360000
2249.26001,2254.51001,2249.5,2244.560059,2336370000
2238.830078,2253.580078,2251.610107,2233.620117,2670900000
2257.830078,2263.879883,2251.570068,2245.129883,3770530000
2270.75,2272.820068,2261.600098,2261.600098,3764890000
2269,2271.5,2268.179932,2260.449951,3761820000
2276.97998,2282.100098,2271.139893,2264.060059,3339890000
2268.899902,2275.48999,2273.590088,2268.899902,3217610000
2268.899902,2279.27002,2269.719971,2265.27002,3638790000
2275.320068,2275.320068,2268.600098,2260.830078,3620410000
2270.439941,2271.780029,2271.139893,2254.25,3462130000
2274.639893,2278.679932,2272.73999,2271.51001,3081270000
2267.889893,2272.080078,2269.139893,2262.810059,3584990000
2271.889893,2272.01001,2269.139893,2263.350098,3315250000
2263.689941,2274.330078,2271.899902,2258.409912,3165970000
2271.310059,2276.959961,2269.959961,2265.01001,3524970000
2265.199951,2271.780029,2267.780029,2257.02002,3152710000
2280.070068,2284.629883,2267.879883,2266.679932,3810960000
2298.370117,2299.550049,2288.879883,2288.879883,3846020000
2296.679932,2300.98999,2298.629883,2294.080078,3610360000
2294.689941,2299.02002,2299.02002,2291.620117,3135890000
2280.899902,2286.01001,2286.01001,2268.040039,3591270000
2278.870117,2279.090088,2274.02002,2267.209961,4087450000
2279.550049,2289.139893,2285.590088,2272.439941,3916610000
2280.850098,2283.969971,2276.689941,2271.649902,3807710000
2297.419922,2298.310059,2288.540039,2287.879883,3597970000
2292.560059,2296.179932,2294.280029,2288.570068,3109050000
2293.080078,2299.399902,2295.870117,2290.159912,3448690000
2294.669922,2295.909912,2289.550049,2285.379883,3609740000
2307.870117,2311.080078,2296.699951,2296.610107,3677940000
2316.100098,2319.22998,2312.27002,2311.100098,3475020000
2328.25,2331.580078,2321.719971,2321.419922,3349730000
2337.580078,2337.580078,2326.120117,2322.169922,3520910000
2349.25,2351.300049,2335.580078,2334.810059,3775590000
2347.219971,2351.310059,2349.639893,2338.870117,3672370000
2351.159912,2351.159912,2343.01001,2339.580078,3513060000
2365.379883,2366.709961,2354.909912,2354.909912,3579780000
2362.820068,2365.129883,2361.110107,2358.340088,3468670000
2363.810059,2368.26001,2367.5,2355.090088,4015260000
2367.340088,2367.340088,2355.72998,2352.870117,3831570000
2369.75,2371.540039,2365.22998,2361.870117,3582610000
2363.639893,2367.790039,2366.080078,2358.959961,4210140000
2395.959961,2400.97998,2380.129883,2380.129883,4345180000
2381.919922,2394.75,2394.75,2380.169922,3821320000
2383.120117,2383.889893,2380.919922,2375.389893,3555260000
2375.310059,2378.800049,2375.22998,2367.97998,3232700000
2368.389893,2375.120117,2370.73999,2365.51001,3518390000
2362.97998,2373.090088,2369.810059,2361.01001,3812100000
2364.870117,2369.080078,2363.48999,2354.540039,3716340000
2372.600098,2376.860107,2372.52002,2363.040039,3432950000
2373.469971,2374.419922,2371.560059,2368.52002,3133900000
2365.449951,2368.550049,2368.550049,2358.179932,3172630000
2385.26001,2390.01001,2370.340088,2368.939941,3906840000
2381.379883,2388.100098,2387.709961,2377.179932,3365660000
2378.25,2385.709961,2383.709961,2377.639893,5178040000
2373.469971,2379.550049,2378.23999,2369.659912,3054930000
2344.02002,2381.929932,2379.320068,2341.899902,4265590000
2348.449951,2351.810059,2343,2336.449951,3572730000
2345.959961,2358.919922,2345.969971,2342.129883,3260600000
2343.97998,2356.219971,2350.419922,2335.73999,2975130000
2341.590088,2344.899902,2329.110107,2322.25,3240230000
2358.570068,2363.780029,2339.790039,2337.629883,3367780000
2361.129883,2363.360107,2356.540039,2352.939941,3106940000
2368.060059,2370.419922,2361.310059,2358.580078,3158420000
2362.719971,2370.350098,2364.820068,2362.600098,3354110000
2358.840088,2365.870117,2362.340088,2344.72998,3416400000
2360.159912,2360.530029,2354.76001,2350.719971,3206240000
2352.949951,2378.360107,2366.590088,2350.52002,3770520000
2357.48999,2364.159912,2353.790039,2348.899902,3201920000
2355.540039,2363.76001,2356.590088,2350.73999,3053150000
2357.159912,2366.370117,2357.159912,2351.5,2785410000
2353.780029,2355.219971,2353.919922,2337.25,3117420000
2344.929932,2352.719971,2352.149902,2341.179932,3196950000
2328.949951,2348.26001,2341.97998,2328.949951,3143890000
2349.01001,2349.139893,2332.620117,2332.51001,2824710000
2342.189941,2348.350098,2342.530029,2334.540039,3269840000
2338.169922,2352.629883,2346.790039,2335.050049,3519900000
2355.840088,2361.370117,2342.689941,2340.909912,3647420000
2348.689941,2356.179932,2354.73999,2344.51001,3503360000
2374.149902,2376.97998,2370.330078,2369.189941,3690650000
2388.610107,2392.47998,2381.51001,2381.149902,3995240000
2387.449951,2398.159912,2388.97998,2386.780029,4105920000
2388.77002,2392.100098,2389.699951,2382.679932,4098460000
2384.199951,2393.679932,2393.679932,2382.360107,3718270000
2388.330078,2394.48999,2388.5,2384.830078,3199240000
2391.169922,2392.929932,2391.050049,2385.820068,3813680000
2388.129883,2389.820068,2386.5,2379.75,3893990000
2389.52002,2391.429932,2389.790039,2380.350098,4362540000
2399.290039,2399.290039,2392.370117,2389.379883,3540140000
2399.379883,2401.360107,2399.939941,2393.919922,3429440000
2396.919922,2403.870117,2401.580078,2392.439941,3653590000
2399.629883,2399.73999,2396.790039,2392.790039,3643530000
2394.439941,2395.719971,2394.840088,2381.73999,3727420000
2390.899902,2392.439941,2392.439941,2387.189941,3305630000
2402.320068,2404.050049,2393.97998,2393.939941,3473600000
2400.669922,2405.77002,2404.550049,2396.050049,3420790000
2357.030029,2384.870117,2382.949951,2356.209961,4163000000
2365.719971,2375.73999,2354.689941,2352.719971,4319420000
2381.72998,2389.060059,2371.370117,2370.429932,3825160000
2394.02002,2395.459961,2387.209961,2386.919922,3172830000
2398.419922,2400.850098,2397.040039,2393.879883,3213570000
2404.389893,2405.580078,2401.409912,2397.98999,3389900000
2415.070068,2418.709961,2409.540039,2408.01001,3535390000
2415.820068,2416.679932,2414.5,2412.199951,2805040000
2412.909912,2415.26001,2411.669922,2409.429932,3203160000
2411.800049,2415.98999,2415.629883,2403.590088,4516110000
2430.060059,2430.060059,2415.649902,2413.540039,3857140000
2439.070068,2440.22998,2431.280029,2427.709961,3461680000
2436.100098,2439.550049,2437.830078,2434.320068,2912600000
2429.330078,2436.209961,2431.919922,2428.120117,3357840000
2433.139893,2435.280029,2432.030029,2424.75,3572300000
2433.790039,2439.27002,2434.27002,2427.939941,3728860000
2431.77002,2446.199951,2436.389893,2415.699951,4027340000
2429.389893,2430.379883,2425.879883,2419.969971,4027750000
2440.350098,2441.48999,2434.149902,2431.280029,3275500000
2437.919922,2443.75,2443.75,2428.340088,3555590000
2432.459961,2433.949951,2424.139893,2418.530029,3353050000
2433.149902,2433.149902,2431.23999,2422.879883,5284720000
2453.459961,2453.820068,2442.550049,2441.790039,3264700000
2437.030029,2450.659912,2450.659912,2436.600098,3416510000
2435.610107,2442.22998,2439.310059,2430.73999,3594820000
2434.5,2441.620117,2437.399902,2433.27002,3468210000
2438.300049,2441.399902,2434.649902,2431.110107,5278330000
2439.070068,2450.419922,2443.320068,2437.030029,3238970000
2419.379883,2440.149902,2436.340088,2419.379883,3563910000
2440.689941,2442.969971,2428.699951,2428.02002,3500800000
2419.699951,2442.72998,2442.379883,2405.699951,3900280000
2423.409912,2432.709961,2429.199951,2421.649902,3361590000
2429.01001,2439.169922,2431.389893,2428.689941,1962290000
2432.540039,2434.899902,2430.780029,2422.050049,3367220000
2409.75,2424.280029,2423.439941,2407.699951,3364520000
2425.179932,2426.919922,2413.52002,2413.52002,2901330000
2427.429932,2432,2424.51001,2422.27002,2999130000
2425.530029,2429.300049,2427.350098,2412.790039,3106750000
2443.25,2445.76001,2435.75,2435.75,3171620000
2447.830078,2449.320068,2444.98999,2441.689941,3067670000
2459.27002,2463.540039,2449.159912,2446.689941,2736640000
2459.139893,2462.820068,2459.5,2457.159912,2793170000
2460.610107,2460.919922,2455.879883,2450.340088,2962130000
2473.830078,2473.830078,2463.850098,2463.850098,3059760000
2473.449951,2477.620117,2475.560059,2468.429932,3182780000
2472.540039,2472.540039,2467.399902,2465.060059,3059570000
2469.909912,2473.100098,2472.040039,2466.320068,3010240000
2477.129883,2481.23999,2477.879883,2474.909912,4108060000
2477.830078,2481.689941,2479.969971,2474.939941,3557020000
2475.419922,2484.040039,2482.76001,2459.929932,3995520000
2472.100098,2473.530029,2469.120117,2464.659912,3294770000
2470.300049,2477.959961,2475.939941,2468.530029,3469210000
2476.350098,2478.51001,2477.100098,2471.139893,3460860000
2477.570068,2480.379883,2480.379883,2466.47998,3478580000
2472.159912,2476.030029,2476.030029,2468.850098,3645020000
2476.830078,2480,2476.879883,2472.080078,3235140000
2480.909912,2480.949951,2477.139893,2475.879883,2931780000
2474.919922,2490.870117,2478.350098,2470.320068,3344640000
2474.02002,2474.409912,2465.350098,2462.080078,3308060000
2438.209961,2465.379883,2465.379883,2437.75,3621070000
2441.320068,2448.090088,2441.040039,2437.850098,3159930000
2465.840088,2468.219971,2454.959961,2454.959961,2822550000
2464.610107,2468.899902,2468.659912,2461.610107,2913100000
2468.110107,2474.929932,2468.629883,2463.860107,2953650000
2430.01001,2465.02002,2462.949951,2430.01001,3142620000
2425.550049,2440.27002,2427.639893,2420.689941,3415680000
2428.370117,2430.580078,2425.5,2417.350098,2788150000
2452.51001,2454.77002,2433.75,2433.669922,2777490000
2444.040039,2448.909912,2444.879883,2441.419922,2785290000
2438.969971,2450.389893,2447.909912,2436.189941,2846590000
2443.050049,2453.959961,2444.719971,2442.219971,2588780000
2444.23999,2449.120117,2447.350098,2439.030029,2677700000
2446.300049,2449.189941,2431.939941,2428.199951,2737580000
2457.590088,2460.310059,2446.060059,2443.77002,2633660000
2471.649902,2475.01001,2462.649902,2462.649902,3348110000
2476.550049,2480.379883,2474.419922,2473.850098,2710730000
2457.850098,2471.969971,2470.350098,2446.550049,3490260000
2465.540039,2469.639893,2463.830078,2459.199951,3374410000
2465.100098,2468.620117,2468.060059,2460.290039,3353930000
2461.429932,2467.110107,2462.25,2459.399902,3302490000
2488.110107,2488.949951,2474.52002,2474.52002,3291760000
2496.47998,2496.77002,2491.939941,2490.370117,3230920000
2498.370117,2498.370117,2493.889893,2492.139893,3368050000
2495.620117,2498.429932,2494.560059,2491.350098,3414460000
2500.22998,2500.22998,2495.669922,2493.159912,4853170000
2503.870117,2508.320068,2502.51001,2499.919922,3194300000
2506.649902,2507.840088,2506.290039,2503.189941,3249100000
2508.23999,2508.850098,2506.840088,2496.669922,3530010000
2500.600098,2507.159912,2507.159912,2499,2930860000
2502.219971,2503.469971,2497.26001,2496.540039,2865960000
2496.659912,2502.540039,2499.389893,2488.030029,3297890000
2496.840088,2503.51001,2501.040039,2495.120117,3043110000
2507.040039,2511.75,2503.300049,2495.909912,3456030000
2510.060059,2510.810059,2503.409912,2502.929932,3168620000
2519.360107,2519.439941,2509.959961,2507.98999,3211920000
2529.120117,2529.22998,2521.199951,2520.399902,3199730000
2534.580078,2535.129883,2530.340088,2528.850098,3068850000
2537.73999,2540.530029,2533.47998,2531.800049,3017120000
2552.070068,2552.51001,2540.860107,2540.02002,3045120000
2549.330078,2549.409912,2547.439941,2543.790039,2884570000
2544.72998,2551.820068,2551.389893,2541.600098,2483970000
2550.639893,2555.22998,2549.98999,2544.860107,2960500000
2555.23999,2555.23999,2550.620117,2547.949951,2976090000
2550.929932,2555.330078,2552.879883,2548.310059,3151510000
2553.169922,2557.649902,2555.659912,2552.090088,3149440000
2557.639893,2559.469971,2555.570068,2552.639893,2916020000
2559.360107,2559.709961,2557.169922,2554.689941,2889390000
2561.26001,2564.110107,2562.870117,2559.669922,2998090000
2562.100098,2562.360107,2553.389893,2547.919922,2990710000
2575.209961,2575.439941,2567.560059,2567.560059,3384650000
2564.97998,2578.290039,2578.080078,2564.330078,3211710000
2569.129883,2572.179932,2568.659912,2565.580078,3427330000
2557.149902,2567.399902,2566.52002,2544,3874510000
2560.399902,2567.070068,2560.080078,2559.800049,3869050000
2581.070068,2582.97998,2570.26001,2565.939941,3887110000
2572.830078,2580.030029,2577.75,2568.25,3658870000
2575.26001,2578.290039,2575.98999,2572.149902,3827230000
2579.360107,2588.399902,2583.209961,2574.919922,3813180000
2579.850098,2581.110107,2579.459961,2566.169922,4048270000
2587.840088,2588.419922,2581.929932,2576.77002,3567710000
2591.129883,2593.379883,2587.469971,2585.659912,3539080000
2590.639893,2597.02002,2592.110107,2584.350098,3809650000
2594.379883,2595.469971,2588.709961,2585.02002,3899360000
2584.620117,2586.5,2584,2566.330078,3831610000
2582.300049,2583.810059,2580.179932,2575.570068,3486910000
2584.840088,2587.659912,2576.530029,2574.47998,3402930000
2578.870117,2579.659912,2577.75,2566.560059,3641760000
2564.620117,2572.840088,2569.449951,2557.449951,3558890000
2585.639893,2590.090088,2572.949951,2572.949951,3312710000
2578.850098,2583.959961,2582.939941,2577.620117,3300160000
2582.139893,2584.639893,2579.48999,2578.23999,3003540000
2599.030029,2601.189941,2589.169922,2589.169922,3332720000
2597.080078,2600.939941,2600.310059,2595.22998,2762950000
2602.419922,2604.209961,2600.419922,2600.419922,1349780000
2601.419922,2606.409912,2602.659912,2598.870117,3006860000
2627.040039,2627.689941,2605.939941,2605.439941,3488420000
2626.070068,2634.889893,2627.820068,2620.320068,4078280000
2647.580078,2657.73999,2633.929932,2633.929932,4938490000
2642.219971,2650.620117,2645.100098,2605.52002,3942320000
2639.439941,2665.189941,2657.189941,2639.030029,4023150000
2629.570068,2648.719971,2639.780029,2627.72998,3539040000
2629.27002,2634.409912,2626.23999,2624.75,3229000000
2636.97998,2640.98999,2628.379883,2626.530029,3292400000
2651.5,2651.649902,2646.209961,2644.100098,3106150000
2659.98999,2660.330078,2652.189941,2651.469971,3091950000
2664.110107,2669.719971,2661.72998,2659.780029,3555680000
2662.850098,2671.879883,2667.590088,2662.850098,3542370000
2652.01001,2668.090088,2665.870117,2652.01001,3430030000
2675.810059,2679.629883,2660.629883,2659.139893,5723920000
2690.159912,2694.969971,2685.919922,2685.919922,3724660000
2681.469971,2694.439941,2692.709961,2680.73999,3368590000
2679.25,2691.01001,2688.179932,2676.110107,3241030000
2684.570068,2692.639893,2683.02002,2682.399902,3273390000
2683.340088,2685.350098,2684.219971,2678.129883,2399830000
2680.5,2682.73999,2679.090088,2677.959961,1968780000
2682.620117,2685.639893,2682.100098,2678.909912,2202080000
2687.540039,2687.659912,2686.100098,2682.689941,2153330000
2673.610107,2692.120117,2689.149902,2673.610107,2443490000
2695.810059,2695.889893,2683.72998,2682.360107,3367250000
2713.060059,2714.370117,2697.850098,2697.77002,3538660000
2723.98999,2729.290039,2719.310059,2719.070068,3695260000
2743.149902,2743.449951,2731.330078,2727.919922,3236620000
2747.709961,2748.51001,2742.669922,2737.600098,3242650000
2751.290039,2759.139893,2751.149902,2747.860107,3453480000
2748.22998,2750.800049,2745.550049,2736.060059,3576350000
2767.560059,2767.560059,2752.969971,2752.780029,3641320000
2786.23999,2787.850098,2770.179932,2769.639893,3573970000
2776.419922,2807.540039,2798.959961,2768.639893,4325970000
2802.560059,2807.040039,2784.98999,2778.379883,3778050000
2798.030029,2805.830078,2802.399902,2792.560059,3681470000
2810.300049,2810.330078,2802.600098,2798.080078,3639430000
2832.969971,2833.030029,2809.159912,2808.120117,3471780000
2839.129883,2842.23999,2835.050049,2830.590088,3519650000
2837.540039,2852.969971,2845.419922,2824.810059,4014070000
2839.25,2848.560059,2846.23999,2830.939941,3835150000
2872.870117,2872.870117,2847.47998,2846.179932,3443230000
2853.530029,2870.620117,2867.22998,2851.47998,3573830000
2822.429932,2837.75,2832.73999,2818.27002,3990650000
2823.810059,2839.26001,2832.409912,2813.040039,4261280000
2821.97998,2835.959961,2816.449951,2812.699951,3938450000
2762.129883,2808.919922,2808.919922,2759.969971,4301130000
2648.939941,2763.389893,2741.060059,2638.169922,5283460000
2695.139893,2701.040039,2614.780029,2593.070068,5891660000
2681.659912,2727.669922,2690.949951,2681.330078,4626570000
2581,2685.27002,2685.01001,2580.560059,5305440000
2619.550049,2638.669922,2601.780029,2532.689941,5680070000
2656,2672.610107,2636.75,2622.449951,4055790000
2662.939941,2668.840088,2646.27002,2637.080078,3472870000
2698.629883,2702.100098,2651.209961,2648.870117,4003740000
2731.199951,2731.51001,2713.459961,2689.820068,3684910000
2732.219971,2754.419922,2727.139893,2725.110107,3637460000
2716.26001,2737.600098,2722.98999,2706.76001,3627610000
2701.330078,2747.75,2720.530029,2701.290039,3779400000
2703.959961,2731.26001,2710.419922,2697.77002,3701270000
2747.300049,2747.76001,2715.800049,2713.73999,3189190000
2779.600098,2780.639893,2757.370117,2753.780029,3424650000
2744.280029,2789.149902,2780.449951,2744.219971,3745080000
2713.830078,2761.52002,2753.780029,2713.540039,4230660000
2677.669922,2730.889893,2715.219971,2659.649902,4503970000
2691.25,2696.25,2658.889893,2647.320068,3882450000
2720.939941,2728.090088,2681.060059,2675.75,3710810000
2728.120117,2732.080078,2730.179932,2711.26001,3370690000
2726.800049,2730.600098,2710.179932,2701.73999,3393270000
2738.969971,2740.449951,2732.75,2722.649902,3212320000
2786.570068,2786.570068,2752.909912,2751.540039,3364100000
2783.02002,2796.97998,2790.540039,2779.26001,3185020000
2765.310059,2801.899902,2792.310059,2758.679932,3301650000
2749.47998,2777.110107,2774.060059,2744.379883,3391360000
2747.330078,2763.030029,2754.27002,2741.469971,3500330000
2752.01001,2761.850098,2750.570068,2749.969971,5372340000
2712.919922,2741.379883,2741.379883,2694.590088,3302130000
2716.939941,2724.219971,2715.050049,2710.050049,3261030000
2711.929932,2739.139893,2714.98999,2709.790039,3415510000
2643.689941,2695.679932,2691.360107,2641.590088,3739800000
2588.26001,2657.669922,2646.709961,2585.889893,3815080000
2658.550049,2661.360107,2619.350098,2601.810059,3511100000
2612.620117,2674.780029,2667.570068,2596.120117,3706350000
2605,2632.649902,2611.300049,2593.060059,3864500000
2640.870117,2659.070068,2614.409912,2609.719971,3565990000
2581.879883,2638.300049,2633.449951,2553.800049,3598520000
2614.449951,2619.139893,2592.169922,2575.48999,3392810000
2644.689941,2649.860107,2584.040039,2573.610107,3350340000
2662.840088,2672.080078,2657.360107,2649.580078,3178970000
2604.469971,2656.879883,2645.820068,2586.27002,3299700000
2613.159912,2653.550049,2617.179932,2610.790039,3062960000
2656.870117,2665.449951,2638.409912,2635.780029,3543930000
2642.189941,2661.429932,2643.889893,2639.25,3020760000
2663.98999,2674.719971,2653.830078,2653.830078,3021320000
2656.300049,2680.26001,2676.899902,2645.050049,2960910000
2677.840088,2686.48999,2670.100098,2665.159912,3019700000
2706.389893,2713.340088,2692.73999,2692.050049,3234360000
2708.639893,2717.48999,2710.110107,2703.629883,3383410000
2693.129883,2702.840088,2701.159912,2681.899902,3349370000
2670.139893,2693.939941,2692.560059,2660.610107,3388590000
2670.290039,2682.860107,2675.399902,2657.98999,3017480000
2634.560059,2683.550049,2680.800049,2617.320068,3706740000
2639.399902,2645.300049,2634.919922,2612.669922,3499440000
2666.939941,2676.47998,2651.649902,2647.159912,3665720000
2669.909912,2677.350098,2675.469971,2659.01001,3219030000
2648.050049,2682.870117,2682.51001,2648.040039,3734530000
2654.800049,2655.27002,2642.959961,2625.409912,3559850000
2635.669922,2660.870117,2654.23999,2631.699951,4010770000
2629.72998,2637.139893,2628.080078,2594.620117,3851470000
2663.419922,2670.929932,2621.449951,2615.320068,3327220000
2672.629883,2683.350098,2680.340088,2664.699951,3237960000
2671.919922,2676.340088,2670.26001,2655.199951,3717570000
2697.790039,2701.27002,2678.120117,2674.139893,3909500000
2723.070068,2726.110107,2705.02002,2704.540039,3333050000
2727.719971,2732.860107,2722.699951,2717.449951,2862700000
2730.129883,2742.100098,2738.469971,2725.469971,2972660000
2711.449951,2718.590088,2718.590088,2701.909912,3290680000
2722.459961,2727.76001,2712.620117,2712.169922,3202670000
2720.129883,2731.959961,2719.709961,2711.360107,3475400000
2712.969971,2719.5,2717.350098,2709.179932,3368690000
2733.01001,2739.189941,2735.389893,2725.699951,3019890000
2724.439941,2742.23999,2738.340088,2721.879883,3366310000
2733.290039,2733.330078,2713.97998,2709.540039,3326290000
2727.76001,2731.969971,2730.939941,2707.379883,3256030000
2721.330078,2727.360107,2723.600098,2714.98999,2995260000
2689.860107,2710.669922,2705.110107,2676.810059,3736890000
2724.01001,2729.340088,2702.429932,2702.429932,3561050000
2705.27002,2722.5,2720.97998,2700.679932,4235370000
2734.620117,2736.929932,2718.699951,2718.699951,3684130000
2746.870117,2749.159912,2741.669922,2740.540039,3376510000
2748.800049,2752.610107,2748.459961,2739.51001,3517790000
2772.350098,2772.389893,2753.25,2748.459961,3651640000
2770.370117,2779.899902,2774.840088,2760.159912,3711330000
2779.030029,2779.389893,2765.840088,2763.590088,3123210000
2782,2790.209961,2780.179932,2780.169922,3232330000
2786.850098,2789.800049,2785.600098,2778.780029,3401010000
2775.629883,2791.469971,2787.939941,2774.649902,3779230000
2782.48999,2789.060059,2783.209961,2776.52002,3526890000
2779.659912,2782.810059,2777.780029,2761.72998,5428790000
2773.75,2774.98999,2765.790039,2757.120117,3287150000
2762.590088,2765.050049,2752.01001,2743.189941,3661470000
2767.320068,2774.860107,2769.72998,2763.909912,3327600000
2749.76001,2769.280029,2769.280029,2744.389893,3300060000
2754.879883,2764.169922,2760.790039,2752.679932,5450550000
2717.070068,2742.939941,2742.939941,2698.669922,3655080000
2723.060059,2732.909912,2722.120117,2715.600098,3555090000
2699.629883,2746.090088,2728.449951,2699.379883,3776090000
2716.310059,2724.340088,2698.689941,2691.98999,3428140000
2718.370117,2743.26001,2727.129883,2718.030029,3565620000
2726.709961,2727.26001,2704.949951,2698.949951,3073650000
2713.219971,2736.580078,2733.27002,2711.159912,1911470000
2736.610107,2737.830078,2724.189941,2716.02002,2953420000
2759.820068,2764.409912,2737.679932,2733.52002,2554780000
2784.169922,2784.649902,2775.620117,2770.72998,3050040000
2793.840088,2795.580078,2788.560059,2786.23999,3063850000
2774.02002,2785.909912,2779.820068,2770.77002,2964740000
2798.290039,2799.219971,2783.139893,2781.530029,2821690000
2801.310059,2804.530029,2796.929932,2791.689941,2614000000
2798.429932,2801.189941,2797.360107,2793.389893,2812230000
2809.550049,2814.189941,2789.340088,2789.23999,3050730000
2815.620117,2816.76001,2811.350098,2805.889893,3089780000
2804.48999,2812.050049,2809.370117,2799.77002,3266700000
2801.830078,2809.699951,2804.550049,2800.01001,3230210000
2806.97998,2808.610107,2799.169922,2795.139893,2907430000
2820.399902,2829.98999,2820.679932,2811.120117,3417530000
2846.070068,2848.030029,2817.72998,2817.72998,3553010000
2837.439941,2845.570068,2835.48999,2835.26001,3653330000
2818.820068,2843.169922,2842.350098,2808.340088,3415710000
2802.600098,2821.73999,2819,2798.110107,3245770000
2816.290039,2824.459961,2809.72998,2808.060059,3892100000
2813.360107,2825.830078,2821.169922,2805.850098,3496990000
2827.219971,2829.909912,2800.47998,2796.340088,3467380000
2840.350098,2840.379883,2829.620117,2827.370117,3030390000
2850.399902,2853.290039,2840.290039,2835.97998,2874540000
2858.449951,2863.429932,2855.919922,2855.919922,3162770000
2857.699951,2862.439941,2856.790039,2853.090088,2972200000
2853.580078,2862.47998,2857.189941,2851.97998,3047050000
2833.280029,2842.199951,2838.899902,2825.810059,3256040000
2821.929932,2843.399902,2835.459961,2819.879883,3158450000
2839.959961,2843.110107,2827.879883,2826.580078,2976970000
2818.370117,2827.949951,2827.949951,2802.48999,3645070000
2840.689941,2850.48999,2831.439941,2831.439941,3219880000
2850.129883,2855.629883,2838.320068,2833.72998,3024100000
2857.050049,2859.76001,2853.929932,2850.620117,2748020000
2862.959961,2873.22998,2861.51001,2861.320068,3147140000
2861.820068,2867.540039,2860.98999,2856.050049,2689560000
2856.97998,2868.780029,2860.290039,2854.030029,2713910000
2874.689941,2876.159912,2862.350098,2862.350098,2596190000
2896.73999,2898.25,2884.689941,2884.689941,2854080000
2897.52002,2903.77002,2901.449951,2893.5,2683190000
2914.040039,2916.5,2900.620117,2898.399902,2791860000
2901.129883,2912.459961,2908.939941,2895.219971,2802180000
2901.52002,2906.320068,2898.370117,2891.72998,2880260000
2896.719971,2900.179932,2896.959961,2885.129883,3077060000
2888.600098,2894.209961,2891.590088,2876.919922,3241250000
2878.050049,2892.050049,2888.639893,2867.290039,3139590000
2871.679932,2883.810059,2868.26001,2864.120117,2946270000
2877.129883,2886.929932,2881.389893,2875.939941,2731400000
2887.889893,2892.52002,2871.570068,2866.780029,2899660000
2888.919922,2894.649902,2888.290039,2879.199951,3264930000
2904.179932,2906.76001,2896.850098,2896.389893,3254930000
2904.97998,2908.300049,2906.379883,2895.77002,3149800000
2888.800049,2904.649902,2903.830078,2886.159912,2947760000
2904.310059,2911.169922,2890.73999,2890.429932,3074610000
2907.949951,2912.360107,2906.600098,2903.820068,3280020000
2930.75,2934.800049,2919.72998,2919.72998,3337730000
2929.669922,2940.909912,2936.76001,2927.110107,5607610000
2919.370117,2923.790039,2921.830078,2912.629883,3372210000
2915.560059,2923.949951,2921.75,2913.699951,3285480000
2905.969971,2931.149902,2916.97998,2903.280029,3388620000
2914,2927.219971,2911.649902,2909.27002,3060850000
2913.97998,2920.530029,2910.030029,2907.5,3432300000
2924.590088,2937.060059,2926.290039,2917.909912,3364190000
2923.429932,2931.419922,2923.800049,2919.370117,3401880000
2925.51001,2939.860107,2931.689941,2921.360107,3598710000
2901.610107,2919.780029,2919.350098,2883.919922,3496860000
2885.570068,2909.639893,2902.540039,2869.290039,3328980000
2884.429932,2889.449951,2877.530029,2862.080078,3330320000
2880.340088,2894.830078,2882.51001,2874.27002,3520500000
2785.679932,2874.02002,2873.899902,2784.860107,4501250000
2728.370117,2795.139893,2776.870117,2710.51001,4890630000
2767.129883,2775.77002,2770.540039,2729.439941,3966040000
2750.790039,2775.98999,2763.830078,2749.030029,3300140000
2809.919922,2813.459961,2767.050049,2766.909912,3428340000
2809.209961,2816.939941,2811.669922,2781.810059,3321710000
2768.780029,2806.040039,2802,2755.179932,3616440000
2767.780029,2797.77002,2775.659912,2760.27002,3566490000
2755.879883,2778.939941,2773.939941,2749.219971,3307140000
2740.689941,2753.590088,2721.030029,2691.429932,4348580000
2656.100098,2742.590088,2737.870117,2651.889893,4709310000
2705.570068,2722.699951,2674.879883,2667.840088,4634770000
2658.689941,2692.379883,2667.860107,2628.159912,4803150000
2641.25,2706.850098,2682.649902,2603.540039,4673700000
2682.629883,2685.429932,2640.679932,2635.340088,5106380000
2711.73999,2736.689941,2705.600098,2705.600098,5112420000
2740.370117,2741.669922,2717.580078,2708.850098,4708420000
2723.060059,2756.550049,2745.449951,2700.439941,4237930000
